,AKT1S1,ATF4,BAX,BCL2L11,BRAF,CASP8,CDC42,CDKN1A,CEBPA,CREB1,CXXC4,DIABLO,E2F1,ELK1,EMPTY,ERG,FGFR3,FOXO1,GLI1,HRAS,IRAK4,JUN,MAP2K3,MAP3K2,MAP3K5,MAP3K9,MAPK7,MOS,MYD88,PIK3R2,PRKACA,PRKCE,RAF1,RELB,RHOA,SMAD4,SMO,SRC,SREBF1,TRAF2,TSC2,WWTR1
AKT1S1,0.5960984969619444,0.041893188359449954,0.007035497281739686,0.009913655260633194,0.0015989766549408379,0.005116725295810681,0.0009593859929645027,0.012472017908538535,0.0019187719859290054,0.0006395906619763352,0.004157339302846178,0.01055324592260953,0.002878157978893508,0.007035497281739686,0.008634473936680525,0.002238567316917173,0.012791813239526703,0.03229932842980492,0.0031979533098816758,0.0006395906619763352,0.024624240486088904,0.0,0.003517748640869843,0.0012791813239526704,0.005436520626798848,0.0,0.004796929964822514,0.0003197953309881676,0.008314678605692356,0.022065877838183562,0.0019187719859290054,0.003517748640869843,0.0,0.015030380556443877,0.007675087943716022,0.0012791813239526704,0.04764950431723697,0.02238567316917173,0.04860889031020147,0.0063959066197633516,0.003837543971858011,0.00927406459865686
ATF4,0.052538787023977435,0.3998589562764457,0.01904090267983075,0.028561354019746122,0.0003526093088857546,0.024330042313117067,0.004936530324400564,0.0380818053596615,0.007052186177715092,0.010225669957686883,0.0038787023977433005,0.01904090267983075,0.006346967559943582,0.03314527503526093,0.0003526093088857546,0.009167842031029619,0.011988716502115656,0.004583921015514809,0.003526093088857546,0.005289139633286318,0.08145275035260931,0.003526093088857546,0.005289139633286318,0.0003526093088857546,0.003173483779971791,0.0007052186177715092,0.004231311706629055,0.004231311706629055,0.003173483779971791,0.03596614950634697,0.004231311706629055,0.004936530324400564,0.003173483779971791,0.034908321579689705,0.006346967559943582,0.03702397743300423,0.015162200282087448,0.014104372355430184,0.00846262341325811,0.014809590973201692,0.02926657263751763,0.003173483779971791
BAX,0.0273972602739726,0.03178082191780822,0.4893150684931507,0.00821917808219178,0.0,0.009863013698630137,0.0027397260273972603,0.010958904109589041,0.007123287671232876,0.030684931506849315,0.006027397260273973,0.0,0.010410958904109589,0.023013698630136987,0.0032876712328767125,0.010410958904109589,0.01589041095890411,0.0032876712328767125,0.001095890410958904,0.002191780821917808,0.09863013698630137,0.0016438356164383563,0.0038356164383561643,0.000547945205479452,0.0016438356164383563,0.0,0.009863013698630137,0.000547945205479452,0.001095890410958904,0.03561643835616438,0.004383561643835616,0.0032876712328767125,0.000547945205479452,0.0,0.01863013698630137,0.02958904109589041,0.015342465753424657,0.023561643835616437,0.0,0.0016438356164383563,0.03726027397260274,0.01863013698630137
BCL2L11,0.001937984496124031,0.015503875968992248,0.001937984496124031,0.6647286821705426,0.0,0.1434108527131783,0.005813953488372093,0.013565891472868217,0.0,0.0,0.015503875968992248,0.009689922480620155,0.0,0.005813953488372093,0.0,0.005813953488372093,0.003875968992248062,0.003875968992248062,0.0,0.011627906976744186,0.001937984496124031,0.0,0.009689922480620155,0.001937984496124031,0.005813953488372093,0.003875968992248062,0.003875968992248062,0.0,0.003875968992248062,0.003875968992248062,0.01744186046511628,0.001937984496124031,0.001937984496124031,0.001937984496124031,0.011627906976744186,0.0,0.003875968992248062,0.001937984496124031,0.013565891472868217,0.0,0.001937984496124031,0.005813953488372093
BRAF,0.026019080659150044,0.015611448395490026,0.0071552471812662615,0.02233304423243712,0.16500433651344318,0.02753686036426713,0.008456201214223764,0.0039028620988725065,0.005420641803989592,0.004336513443191674,0.02992194275802255,0.027320034692107545,0.016045099739809193,0.037944492627927144,0.003469210754553339,0.0075888985255854295,0.02580225498699046,0.006938421509106678,0.010190806591500434,0.06483087597571552,0.011274934952298352,0.00823937554206418,0.019731136166522115,0.01626192541196878,0.013660017346053772,0.018430182133564614,0.016912402428447527,0.025585429314830876,0.02515177797051171,0.021899392888117954,0.012359063313096271,0.007372072853425846,0.08738074588031224,0.013443191673894189,0.03339115351257589,0.004770164787510842,0.029705117085862966,0.04011274934952298,0.04336513443191674,0.015394622723330443,0.0032523850823937554,0.01647875108412836
CASP8,0.0024271844660194173,0.0048543689320388345,0.0,0.009708737864077669,0.0,0.9368932038834952,0.0,0.012135922330097087,0.0,0.0,0.007281553398058253,0.0024271844660194173,0.0,0.0024271844660194173,0.0,0.0,0.0,0.0024271844660194173,0.0,0.009708737864077669,0.0,0.0,0.0048543689320388345,0.0,0.0,0.0,0.0,0.0,0.0,0.0,0.0024271844660194173,0.0,0.0,0.0,0.0,0.0,0.0,0.0024271844660194173,0.0,0.0,0.0,0.0
CDC42,0.03085399449035813,0.028925619834710745,0.01349862258953168,0.01652892561983471,0.0030303030303030303,0.03553719008264463,0.37134986225895317,0.01928374655647383,0.003856749311294766,0.0024793388429752068,0.008815426997245178,0.008264462809917356,0.015977961432506887,0.03829201101928375,0.005234159779614325,0.005509641873278237,0.015426997245179064,0.02727272727272727,0.007988980716253443,0.018732782369146005,0.01652892561983471,0.0013774104683195593,0.01652892561983471,0.0209366391184573,0.013774104683195593,0.011019283746556474,0.01818181818181818,0.005785123966942148,0.015151515151515152,0.030303030303030304,0.003305785123966942,0.00743801652892562,0.0049586776859504135,0.017079889807162536,0.020110192837465565,0.0049586776859504135,0.007713498622589532,0.04159779614325069,0.022865013774104683,0.023966942148760332,0.008264462809917356,0.011294765840220386
CDKN1A,0.0025412960609911056,0.008894536213468869,0.0025412960609911056,0.005082592121982211,0.0012706480304955528,0.03303684879288437,0.0025412960609911056,0.8742058449809402,0.0,0.0,0.0,0.0,0.0,0.0,0.0,0.0,0.005082592121982211,0.0,0.0,0.011435832274459974,0.017789072426937738,0.0,0.0,0.0025412960609911056,0.0,0.0012706480304955528,0.005082592121982211,0.0,0.0,0.0063532401524777635,0.0,0.0,0.0,0.0012706480304955528,0.0,0.005082592121982211,0.0025412960609911056,0.0,0.0,0.0025412960609911056,0.008894536213468869,0.0
CEBPA,0.00882223202470225,0.004852227613586237,0.011910013233348038,0.0066166740185266875,0.000882223202470225,0.0061755624172915745,0.0013233348037053375,0.0035288928098809,0.659020732245258,0.004411116012351125,0.01940891045434495,0.000882223202470225,0.011468901632112925,0.017203352448169385,0.0004411116012351125,0.06219673577415086,0.0105866784296427,0.0,0.0066166740185266875,0.0013233348037053375,0.010145566828407587,0.05161005734450816,0.0022055580061755625,0.002646669607410675,0.0004411116012351125,0.0035288928098809,0.000882223202470225,0.0066166740185266875,0.0,0.0004411116012351125,0.018967798853109837,0.009704455227172474,0.00176444640494045,0.0035288928098809,0.0066166740185266875,0.0,0.0013233348037053375,0.02646669607410675,0.0,0.004411116012351125,0.0030877812086457872,0.007940008822232024
CREB1,0.014448669201520912,0.03193916349809886,0.06311787072243347,0.011406844106463879,0.001520912547528517,0.019011406844106463,0.008365019011406844,0.01977186311787072,0.003041825095057034,0.5155893536121673,0.0038022813688212928,0.0045627376425855515,0.008365019011406844,0.01749049429657795,0.0038022813688212928,0.00532319391634981,0.01977186311787072,0.0022813688212927757,0.001520912547528517,0.0007604562737642585,0.07604562737642585,0.001520912547528517,0.0007604562737642585,0.0022813688212927757,0.006844106463878327,0.0007604562737642585,0.001520912547528517,0.003041825095057034,0.0007604562737642585,0.01596958174904943,0.0022813688212927757,0.0038022813688212928,0.003041825095057034,0.0,0.001520912547528517,0.05247148288973384,0.001520912547528517,0.023574144486692015,0.0007604562737642585,0.0038022813688212928,0.0311787072243346,0.01064638783269962
CXXC4,0.022172949002217297,0.004434589800443459,0.005543237250554324,0.06430155210643015,0.0,0.08647450110864745,0.008869179600886918,0.0011086474501108647,0.005543237250554324,0.0011086474501108647,0.5388026607538803,0.017738359201773836,0.0,0.017738359201773836,0.0011086474501108647,0.017738359201773836,0.0011086474501108647,0.0,0.015521064301552107,0.004434589800443459,0.0,0.0011086474501108647,0.0011086474501108647,0.01662971175166297,0.01662971175166297,0.004434589800443459,0.013303769401330377,0.005543237250554324,0.0011086474501108647,0.0066518847006651885,0.03547671840354767,0.0022172949002217295,0.01662971175166297,0.004434589800443459,0.013303769401330377,0.0011086474501108647,0.008869179600886918,0.015521064301552107,0.007760532150776054,0.0033259423503325942,0.0011086474501108647,0.009977827050997782
DIABLO,0.08836907082521117,0.0539311241065627,0.0,0.037686809616634176,0.001299545159194282,0.017543859649122806,0.002599090318388564,0.016244314489928524,0.000649772579597141,0.0,0.018193632228719947,0.43664717348927873,0.0,0.018193632228719947,0.000649772579597141,0.0,0.001949317738791423,0.01299545159194282,0.001299545159194282,0.011046133853151396,0.001949317738791423,0.0,0.014294996751137101,0.005847953216374269,0.015594541910331383,0.003248862897985705,0.009746588693957114,0.005198180636777128,0.017543859649122806,0.011046133853151396,0.003898635477582846,0.000649772579597141,0.005198180636777128,0.023391812865497075,0.007147498375568551,0.000649772579597141,0.06107862248213125,0.00649772579597141,0.057829759584145546,0.011695906432748537,0.000649772579597141,0.017543859649122806
E2F1,0.014084507042253521,0.010199125789218067,0.021855269548324428,0.004371053909664886,0.0009713453132588635,0.0048567265662943174,0.004371053909664886,0.001942690626517727,0.008742107819329771,0.005828071879553181,0.0029140359397765905,0.0,0.651287032540068,0.03108305002428363,0.003885381253035454,0.028654686741136474,0.013598834385624089,0.0024283632831471587,0.009227780475959204,0.005828071879553181,0.025740650801359885,0.017969888295288974,0.0,0.003399708596406022,0.001942690626517727,0.0,0.0,0.001942690626517727,0.0,0.027683341427877612,0.006313744536182613,0.006799417192812044,0.00048567265662943174,0.016027197668771247,0.001942690626517727,0.003399708596406022,0.00048567265662943174,0.01894123360854784,0.0009713453132588635,0.011656143759106362,0.006313744536182613,0.021855269548324428
ELK1,0.0028846153846153848,0.047115384615384615,0.007692307692307693,0.022115384615384617,0.0019230769230769232,0.03461538461538462,0.013461538461538462,0.011538461538461539,0.006730769230769231,0.0057692307692307696,0.022115384615384617,0.0125,0.0125,0.5942307692307692,0.0,0.015384615384615385,0.007692307692307693,0.0,0.0028846153846153848,0.01826923076923077,0.026923076923076925,0.0019230769230769232,0.0028846153846153848,0.0038461538461538464,0.0038461538461538464,0.0,0.0028846153846153848,0.0057692307692307696,0.0038461538461538464,0.016346153846153847,0.021153846153846155,0.0009615384615384616,0.006730769230769231,0.0038461538461538464,0.006730769230769231,0.0019230769230769232,0.0,0.016346153846153847,0.0,0.009615384615384616,0.019230769230769232,0.0057692307692307696
EMPTY,0.10179076343072573,0.035186930568645934,0.023091423185673893,0.017593465284322967,0.0015708451146716933,0.00958215519949733,0.0097392397109645,0.015708451146716932,0.0031416902293433867,0.008325479107759975,0.01413760603204524,0.015551366635249765,0.015865535658184104,0.010838831291234684,0.027175620483820294,0.0053408733898837575,0.03550109959158027,0.04586867734841345,0.015865535658184104,0.0051837888784165885,0.04445491674520892,0.0012566760917373547,0.022620169651272386,0.00706880301602262,0.018221803330191643,0.000942507068803016,0.021834747093936537,0.010681746779767515,0.02120640904806786,0.05827835375431983,0.010681746779767515,0.011467169337103362,0.00235626767200754,0.03958529688972667,0.022934338674206724,0.01932139491046183,0.06330505812126924,0.03550109959158027,0.07728557964184732,0.021049324536600692,0.02419101476594408,0.0486961985548225
ERG,0.023109243697478993,0.008928571428571428,0.005777310924369748,0.0005252100840336134,0.0021008403361344537,0.003676470588235294,0.003676470588235294,0.003676470588235294,0.04044117647058824,0.0021008403361344537,0.019432773109243698,0.0021008403361344537,0.03623949579831933,0.025735294117647058,0.0005252100840336134,0.6544117647058824,0.007352941176470588,0.0,0.012605042016806723,0.0021008403361344537,0.022058823529411766,0.02100840336134454,0.0010504201680672268,0.0010504201680672268,0.0021008403361344537,0.0,0.0005252100840336134,0.0005252100840336134,0.0,0.0005252100840336134,0.031512605042016806,0.007878151260504201,0.004201680672268907,0.01050420168067227,0.003676470588235294,0.0,0.0,0.023109243697478993,0.0,0.004201680672268907,0.008403361344537815,0.0031512605042016808
FGFR3,0.06329113924050633,0.03907539900935608,0.03137039075399009,0.014859658778205834,0.00550357732526142,0.012658227848101266,0.007705008255365988,0.01375894331315355,0.00550357732526142,0.01375894331315355,0.008805723720418272,0.003852504127682994,0.007705008255365988,0.023665382498624106,0.009906439185470555,0.010456796917996699,0.3368189323059989,0.001100715465052284,0.000550357732526142,0.015960374243258118,0.04237754540451293,0.007705008255365988,0.009906439185470555,0.001651073197578426,0.0170610897083104,0.003852504127682994,0.026417171161254815,0.011557512383048982,0.000550357732526142,0.053384700055035775,0.002201430930104568,0.013208585580627407,0.009906439185470555,0.007705008255365988,0.0049532195927352776,0.008805723720418272,0.01375894331315355,0.0720968629609246,0.001651073197578426,0.010456796917996699,0.01651073197578426,0.0379746835443038
FOXO1,0.060503059143439834,0.018354860639021073,0.003399048266485384,0.013936097892590074,0.001699524133242692,0.00645819170632223,0.005098572399728076,0.011896668932698844,0.0003399048266485384,0.0003399048266485384,0.00645819170632223,0.010197144799456152,0.0030591434398368456,0.007138001359619306,0.007138001359619306,0.0003399048266485384,0.004758667573079538,0.4398368456832087,0.006118286879673691,0.0013596193065941536,0.007477906186267845,0.0,0.022433718558803536,0.006118286879673691,0.010876954452753228,0.0003399048266485384,0.007817811012916384,0.006798096532970768,0.03263086335825969,0.026852481305234533,0.005098572399728076,0.0013596193065941536,0.001699524133242692,0.020054384772263765,0.030591434398368457,0.0,0.05336505778382053,0.005098572399728076,0.10095173351461591,0.004078857919782461,0.0020394289598912306,0.04588715159755268
GLI1,0.038129496402877695,0.0014388489208633094,0.0028776978417266188,0.0057553956834532375,0.002158273381294964,0.007913669064748202,0.00935251798561151,0.0028776978417266188,0.008633093525179856,0.0007194244604316547,0.038129496402877695,0.005035971223021582,0.019424460431654675,0.010071942446043165,0.0035971223021582736,0.02302158273381295,0.007913669064748202,0.022302158273381296,0.4920863309352518,0.0007194244604316547,0.0028776978417266188,0.006474820143884892,0.012949640287769784,0.0057553956834532375,0.010071942446043165,0.0007194244604316547,0.0007194244604316547,0.007194244604316547,0.029496402877697843,0.011510791366906475,0.05107913669064748,0.005035971223021582,0.0035971223021582736,0.02014388489208633,0.034532374100719423,0.0,0.01223021582733813,0.02446043165467626,0.030215827338129497,0.011510791366906475,0.0,0.017266187050359712
HRAS,0.0010615711252653928,0.0031847133757961785,0.0,0.009554140127388535,0.0010615711252653928,0.027600849256900213,0.006369426751592357,0.03821656050955414,0.0,0.0,0.004246284501061571,0.005307855626326964,0.0,0.008492569002123142,0.0,0.0010615711252653928,0.004246284501061571,0.0,0.0,0.7866242038216561,0.005307855626326964,0.0031847133757961785,0.004246284501061571,0.010615711252653927,0.008492569002123142,0.005307855626326964,0.032908704883227176,0.0010615711252653928,0.0031847133757961785,0.005307855626326964,0.0010615711252653928,0.0,0.005307855626326964,0.005307855626326964,0.0,0.004246284501061571,0.0010615711252653928,0.006369426751592357,0.0,0.0,0.0,0.0
IRAK4,0.021045485403937542,0.05634758995247793,0.05974202308214528,0.006109979633401222,0.0,0.021045485403937542,0.0033944331296673455,0.018329938900203666,0.002036659877800407,0.014256619144602852,0.0006788866259334691,0.0013577732518669382,0.005431093007467753,0.010183299389002037,0.0033944331296673455,0.008146639511201629,0.021045485403937542,0.0027155465037338763,0.0033944331296673455,0.0006788866259334691,0.6171079429735234,0.0006788866259334691,0.0013577732518669382,0.0006788866259334691,0.002036659877800407,0.0,0.0006788866259334691,0.0,0.0013577732518669382,0.026476578411405296,0.0013577732518669382,0.0027155465037338763,0.0,0.004073319755600814,0.002036659877800407,0.01493550577053632,0.0027155465037338763,0.016293279022403257,0.0,0.0027155465037338763,0.04005431093007468,0.0033944331296673455
JUN,0.001949317738791423,0.0035087719298245615,0.006627680311890838,0.0050682261208577,0.0023391812865497076,0.006627680311890838,0.0023391812865497076,0.0003898635477582846,0.06705653021442495,0.0050682261208577,0.020662768031189084,0.0007797270955165692,0.014035087719298246,0.019103313840155945,0.0,0.04366471734892788,0.012085769980506823,0.0015594541910331384,0.0050682261208577,0.0027290448343079924,0.001949317738791423,0.6947368421052632,0.0011695906432748538,0.0,0.0011695906432748538,0.0,0.0,0.0007797270955165692,0.0,0.0011695906432748538,0.023781676413255362,0.003898635477582846,0.017153996101364522,0.0,0.007797270955165692,0.0011695906432748538,0.0,0.013255360623781676,0.0,0.0015594541910331384,0.0003898635477582846,0.00935672514619883
MAP2K3,0.0172927847346452,0.004770423375074538,0.0017889087656529517,0.007751937984496124,0.0041741204531902205,0.008348240906380441,0.00655933214072749,0.031604054859868815,0.0005963029218843172,0.0,0.00655933214072749,0.0029815146094215863,0.0005963029218843172,0.004770423375074538,0.004770423375074538,0.0041741204531902205,0.0,0.00655933214072749,0.0011926058437686344,0.01073345259391771,0.0035778175313059034,0.0011926058437686344,0.5205724508050089,0.033392963625521764,0.03577817531305903,0.0041741204531902205,0.07573047107930829,0.022063208109719738,0.03220035778175313,0.015503875968992248,0.004770423375074538,0.004770423375074538,0.005366726296958855,0.01311866428145498,0.013714967203339297,0.0005963029218843172,0.03577817531305903,0.01311866428145498,0.018485390578413835,0.008944543828264758,0.0029815146094215863,0.008944543828264758
MAP3K2,0.013540422142572681,0.00398247710075667,0.0027877339705296694,0.006371963361210673,0.0067702110712863405,0.0314615690959777,0.02190362405416169,0.018319394663480686,0.0015929908403026682,0.0027877339705296694,0.012743926722421346,0.009557945041816009,0.0047789725209080045,0.0067702110712863405,0.001991238550378335,0.005973715651135006,0.0067702110712863405,0.02031063321385902,0.010354440461967344,0.017124651533253685,0.001991238550378335,0.00039824771007566706,0.04261250497809638,0.4038231780167264,0.027479091995221028,0.0314615690959777,0.04978096375945838,0.012743926722421346,0.04221425726802071,0.014336917562724014,0.00398247710075667,0.005177220230983672,0.005177220230983672,0.005575467941059339,0.01632815611310235,0.0011947431302270011,0.03345280764635603,0.02867383512544803,0.0326563122262047,0.015531660692951015,0.0031859816806053365,0.01632815611310235
MAP3K5,0.030758714969241284,0.02323991797676008,0.002050580997949419,0.012987012987012988,0.001367053998632946,0.0177717019822283,0.005468215994531784,0.014354066985645933,0.004784688995215311,0.001367053998632946,0.01161995898838004,0.016404647983595352,0.0,0.016404647983595352,0.005468215994531784,0.001367053998632946,0.010252904989747095,0.001367053998632946,0.005468215994531784,0.023923444976076555,0.00888585099111415,0.0,0.045112781954887216,0.019138755980861243,0.41353383458646614,0.00888585099111415,0.10594668489405332,0.014354066985645933,0.006151742993848257,0.02734107997265892,0.004784688995215311,0.004784688995215311,0.000683526999316473,0.028024606971975393,0.008202323991797676,0.001367053998632946,0.017088174982911826,0.026657552973342446,0.014354066985645933,0.01845522898154477,0.004784688995215311,0.015037593984962405
MAP3K9,0.0072231139646869984,0.002407704654895666,0.0008025682182985554,0.011235955056179775,0.008025682182985553,0.016853932584269662,0.028089887640449437,0.014446227929373997,0.0008025682182985554,0.0,0.028089887640449437,0.00882825040128411,0.0,0.006420545746388443,0.0008025682182985554,0.0008025682182985554,0.00882825040128411,0.0,0.0032102728731942215,0.009630818619582664,0.0008025682182985554,0.0008025682182985554,0.01043338683788122,0.08346709470304976,0.01043338683788122,0.6219903691813804,0.011235955056179775,0.0032102728731942215,0.0056179775280898875,0.0032102728731942215,0.013643659711075442,0.002407704654895666,0.013643659711075442,0.0072231139646869984,0.00882825040128411,0.0016051364365971107,0.016051364365971106,0.014446227929373997,0.002407704654895666,0.004815409309791332,0.0032102728731942215,0.0040128410914927765
MAPK7,0.00984251968503937,0.00853018372703412,0.020341207349081365,0.01706036745406824,0.0013123359580052493,0.010498687664041995,0.005249343832020997,0.04199475065616798,0.004593175853018373,0.0026246719160104987,0.01115485564304462,0.001968503937007874,0.0,0.013779527559055118,0.0006561679790026247,0.0026246719160104987,0.013779527559055118,0.004593175853018373,0.0006561679790026247,0.015091863517060367,0.0026246719160104987,0.0006561679790026247,0.051181102362204724,0.010498687664041995,0.045275590551181105,0.005905511811023622,0.562992125984252,0.011811023622047244,0.00853018372703412,0.015091863517060367,0.004593175853018373,0.001968503937007874,0.003937007874015748,0.01115485564304462,0.00853018372703412,0.003937007874015748,0.01968503937007874,0.016404199475065617,0.005905511811023622,0.00984251968503937,0.005905511811023622,0.007217847769028871
MOS,0.028488372093023257,0.022965116279069768,0.008430232558139536,0.020930232558139535,0.007848837209302326,0.01366279069767442,0.007267441860465116,0.01744186046511628,0.0029069767441860465,0.007267441860465116,0.012790697674418604,0.013372093023255814,0.006104651162790698,0.02703488372093023,0.00813953488372093,0.013372093023255814,0.04622093023255814,0.006104651162790698,0.006686046511627907,0.015406976744186047,0.022093023255813953,0.009011627906976745,0.038081395348837206,0.01627906976744186,0.03430232558139535,0.005232558139534884,0.07151162790697674,0.17412790697674418,0.025290697674418605,0.04825581395348837,0.009883720930232558,0.0069767441860465115,0.04186046511627907,0.022674418604651164,0.015697674418604653,0.007267441860465116,0.009883720930232558,0.06482558139534884,0.012209302325581395,0.017732558139534883,0.01308139534883721,0.04127906976744186
MYD88,0.03851963746223565,0.012462235649546828,0.0026435045317220545,0.008685800604229608,0.0033987915407854984,0.02001510574018127,0.007175226586102719,0.015861027190332326,0.0,0.0007552870090634441,0.008308157099697885,0.01095166163141994,0.0018882175226586104,0.008685800604229608,0.0030211480362537764,0.0007552870090634441,0.0015105740181268882,0.07666163141993958,0.0188821752265861,0.008308157099697885,0.004909365558912387,0.0,0.043429003021148035,0.026435045317220542,0.027945619335347432,0.0033987915407854984,0.029833836858006044,0.006042296072507553,0.2692598187311178,0.040407854984894256,0.00906344410876133,0.0075528700906344415,0.006797583081570997,0.03965256797583082,0.02190332326283988,0.0022658610271903325,0.04984894259818731,0.02001510574018127,0.1148036253776435,0.02152567975830816,0.0015105740181268882,0.004909365558912387
PIK3R2,0.031446540880503145,0.03887935963407661,0.016580903373356205,0.009148084619782733,0.0,0.016009148084619784,0.002287021154945683,0.018296169239565466,0.0,0.004002287021154946,0.0017152658662092624,0.002287021154945683,0.002287021154945683,0.005717552887364208,0.012578616352201259,0.0005717552887364208,0.024013722126929673,0.009719839908519153,0.003430531732418525,0.003430531732418525,0.05946255002858777,0.0005717552887364208,0.007432818753573471,0.0011435105774728416,0.0137221269296741,0.0011435105774728416,0.02801600914808462,0.008004574042309892,0.0017152658662092624,0.47398513436249284,0.0005717552887364208,0.007432818753573471,0.0005717552887364208,0.016009148084619784,0.0,0.018867924528301886,0.005717552887364208,0.09090909090909091,0.006289308176100629,0.009719839908519153,0.017724413950829045,0.02858776443682104
PRKACA,0.009103641456582634,0.00980392156862745,0.0014005602240896359,0.03431372549019608,0.004901960784313725,0.022408963585434174,0.0028011204481792717,0.0014005602240896359,0.0196078431372549,0.0,0.06302521008403361,0.009103641456582634,0.0035014005602240898,0.031512605042016806,0.0014005602240896359,0.036414565826330535,0.0056022408963585435,0.00980392156862745,0.02661064425770308,0.0056022408963585435,0.011204481792717087,0.0063025210084033615,0.01680672268907563,0.0035014005602240898,0.0028011204481792717,0.0021008403361344537,0.0035014005602240898,0.0007002801120448179,0.008403361344537815,0.004201680672268907,0.4880952380952381,0.009103641456582634,0.004201680672268907,0.014005602240896359,0.055322128851540614,0.0,0.0021008403361344537,0.01610644257703081,0.023109243697478993,0.00980392156862745,0.0021008403361344537,0.018207282913165267
PRKCE,0.05364165486864873,0.021393739185150227,0.013843007708038382,0.020921818467830738,0.006292276230926538,0.021708352996696555,0.02406795658329401,0.01101148340412144,0.009910335063709298,0.005663048607833884,0.014472235331131037,0.011955324838760422,0.009438414346389807,0.022809501337108698,0.008809186723297153,0.011798017932987258,0.03334906402391065,0.019820670127418595,0.01101148340412144,0.017618373446594306,0.019977977033191756,0.00408997955010225,0.022966808242881862,0.010854176498348278,0.024854491112159822,0.00550574170206072,0.026427560169891458,0.014786849142677364,0.012741859367626238,0.08227151171936448,0.014314928425357873,0.11200251691049237,0.009281107440616642,0.05081013056473179,0.010539562686801951,0.005348434796287557,0.0357086676105081,0.08588957055214724,0.02202296680824288,0.03067484662576687,0.005191127890514393,0.04420324052225893
RAF1,0.004543487667676331,0.0054089138900908695,0.008005192557334487,0.03028991778450887,0.050194720900043274,0.02942449156209433,0.009736045002163565,0.0038944180008654264,0.006923409779316313,0.004759844223279966,0.02704456945045435,0.014063176114236261,0.008437905668541757,0.03613154478580701,0.00021635655560363478,0.0099524015577672,0.007788836001730853,0.0034617048896581565,0.003245348334054522,0.03959324967546517,0.0073561228905235825,0.018823020337516226,0.01795759411510169,0.019688446559930767,0.016443098225876245,0.013630463003028993,0.02293379489398529,0.047165729121592385,0.01947209000432713,0.006923409779316313,0.018823020337516226,0.006274340112505409,0.38468195586326265,0.006274340112505409,0.02120294244915621,0.0017308524448290783,0.005192557334487235,0.016010385114668974,0.0149286023366508,0.01038511466897447,0.0017308524448290783,0.019255733448723496
RELB,0.04798255179934569,0.021264994547437296,0.0021810250817884407,0.016357688113413305,0.0016357688113413304,0.010905125408942203,0.0005452562704471102,0.008724100327153763,0.0010905125408942203,0.0,0.0059978189749182115,0.010359869138495093,0.0027262813522355507,0.006543075245365322,0.0010905125408942203,0.0010905125408942203,0.004362050163576881,0.003271537622682661,0.0054525627044711015,0.008724100327153763,0.007088331515812432,0.0005452562704471102,0.011450381679389313,0.0021810250817884407,0.014721919302071973,0.0,0.031079607415485277,0.012540894220283533,0.015267175572519083,0.015267175572519083,0.007088331515812432,0.003816793893129771,0.0010905125408942203,0.6134133042529989,0.003271537622682661,0.0010905125408942203,0.03162486368593239,0.022355507088331516,0.014176663031624863,0.017448200654307525,0.0027262813522355507,0.011450381679389313
RHOA,0.022447724477244774,0.004305043050430504,0.005535055350553505,0.025522755227552277,0.0033825338253382535,0.024600246002460024,0.00922509225092251,0.0033825338253382535,0.0052275522755227555,0.0024600246002460025,0.02706027060270603,0.006150061500615006,0.006150061500615006,0.04981549815498155,0.007995079950799507,0.02152521525215252,0.01107011070110701,0.07902829028290283,0.028290282902829027,0.003997539975399754,0.007072570725707257,0.0027675276752767526,0.04797047970479705,0.011992619926199263,0.01014760147601476,0.006150061500615006,0.015067650676506766,0.015682656826568265,0.012915129151291513,0.00922509225092251,0.043357933579335796,0.004305043050430504,0.017220172201722016,0.007072570725707257,0.24015990159901598,0.0006150061500615006,0.033825338253382534,0.017220172201722016,0.0928659286592866,0.00922509225092251,0.0052275522755227555,0.04274292742927429
SMAD4,0.015522875816993464,0.03758169934640523,0.025326797385620915,0.008986928104575163,0.0,0.012254901960784314,0.0016339869281045752,0.024509803921568627,0.0,0.015522875816993464,0.0008169934640522876,0.0008169934640522876,0.0008169934640522876,0.008169934640522876,0.0024509803921568627,0.008986928104575163,0.00980392156862745,0.0008169934640522876,0.0,0.004901960784313725,0.0718954248366013,0.0,0.0,0.0,0.0008169934640522876,0.0,0.0196078431372549,0.0,0.0016339869281045752,0.049836601307189546,0.0,0.0,0.0008169934640522876,0.0016339869281045752,0.0,0.6037581699346405,0.0008169934640522876,0.013888888888888888,0.005718954248366013,0.007352941176470588,0.04330065359477124,0.0
SMO,0.07641300915693085,0.01484054310072624,0.0015787811809283233,0.025260498894853173,0.001894537417113988,0.019261130407325546,0.00473634354278497,0.0214714240606252,0.0,0.0,0.0053678560151563,0.015787811809283233,0.0006315124723713293,0.001894537417113988,0.008209662140827282,0.00031575623618566466,0.005999368487527629,0.048626460372592356,0.007262393432270287,0.002841806125670982,0.0031575623618566467,0.00031575623618566466,0.02368171771392485,0.008209662140827282,0.0107357120303126,0.0031575623618566467,0.03694347963372276,0.003789074834227976,0.04988948531733502,0.01357751815598358,0.010104199557941269,0.0025260498894853173,0.0025260498894853173,0.02778654878433849,0.02494474265866751,0.00031575623618566466,0.3075465740448374,0.02305020524155352,0.15219450584149036,0.004420587306599305,0.004104831070413641,0.024628986422481843
SRC,0.05051150895140665,0.024936061381074168,0.015345268542199489,0.005754475703324808,0.004475703324808184,0.01918158567774936,0.0076726342710997444,0.016624040920716114,0.023657289002557546,0.0038363171355498722,0.016624040920716114,0.0019181585677749361,0.004475703324808184,0.0076726342710997444,0.0025575447570332483,0.0038363171355498722,0.021099744245524295,0.0038363171355498722,0.00319693094629156,0.013427109974424553,0.01854219948849105,0.004475703324808184,0.010869565217391304,0.005754475703324808,0.0159846547314578,0.005754475703324808,0.01854219948849105,0.005754475703324808,0.0038363171355498722,0.09526854219948849,0.0038363171355498722,0.0076726342710997444,0.008951406649616368,0.017263427109974423,0.004475703324808184,0.007033248081841432,0.01854219948849105,0.4680306905370844,0.0038363171355498722,0.0038363171355498722,0.008312020460358057,0.01278772378516624
SREBF1,0.04326123128119801,0.004991680532445923,0.0,0.010537992235163616,0.0,0.004991680532445923,0.0033277870216306157,0.0022185246810870773,0.0,0.0,0.0016638935108153079,0.00776483638380477,0.0005546311702717693,0.0016638935108153079,0.0033277870216306157,0.0016638935108153079,0.0016638935108153079,0.05823627287853577,0.003882418191902385,0.0016638935108153079,0.0011092623405435386,0.0,0.021630615640599003,0.0066555740432612314,0.0066555740432612314,0.0,0.013865779256794232,0.004991680532445923,0.028286189683860232,0.00776483638380477,0.0022185246810870773,0.0016638935108153079,0.0022185246810870773,0.022185246810870772,0.03050471436494731,0.0005546311702717693,0.06877426511369938,0.0011092623405435386,0.6012201885745979,0.005546311702717693,0.0016638935108153079,0.019966722129783693
TRAF2,0.051264044943820225,0.03651685393258427,0.0049157303370786515,0.021067415730337078,0.002106741573033708,0.01544943820224719,0.01544943820224719,0.009831460674157303,0.004213483146067416,0.0014044943820224719,0.0175561797752809,0.014747191011235955,0.004213483146067416,0.033707865168539325,0.007022471910112359,0.0175561797752809,0.012640449438202247,0.0049157303370786515,0.008426966292134831,0.013342696629213483,0.021067415730337078,0.0,0.008426966292134831,0.009831460674157303,0.025280898876404494,0.0007022471910112359,0.014747191011235955,0.006320224719101123,0.016151685393258428,0.05337078651685393,0.018258426966292134,0.009831460674157303,0.0028089887640449437,0.027387640449438203,0.0049157303370786515,0.007724719101123595,0.004213483146067416,0.018258426966292134,0.0056179775280898875,0.43820224719101125,0.0056179775280898875,0.0049157303370786515
TSC2,0.011134307585247043,0.04244954766875435,0.07028531663187196,0.010438413361169102,0.0006958942240779402,0.015309672929714684,0.0020876826722338203,0.04871259568545581,0.008350730688935281,0.025052192066805846,0.0048712595685455815,0.0013917884481558804,0.008350730688935281,0.013917884481558803,0.0013917884481558804,0.009742519137091163,0.008350730688935281,0.003479471120389701,0.0,0.0055671537926235215,0.16562282533054976,0.0006958942240779402,0.0027835768963117608,0.0,0.0020876826722338203,0.0006958942240779402,0.011830201809324982,0.0006958942240779402,0.0013917884481558804,0.029923451635351428,0.003479471120389701,0.0055671537926235215,0.0013917884481558804,0.0,0.009046624913013222,0.05010438413361169,0.010438413361169102,0.013917884481558803,0.0027835768963117608,0.0048712595685455815,0.37995824634655534,0.011134307585247043
WWTR1,0.024685816876122084,0.006732495511669659,0.009874326750448833,0.012567324955116697,0.0,0.003590664272890485,0.004488330341113106,0.0008976660682226212,0.0013464991023339318,0.0013464991023339318,0.009874326750448833,0.013016157989228007,0.003590664272890485,0.006732495511669659,0.0062836624775583485,0.0008976660682226212,0.0210951526032316,0.01436265709156194,0.005385996409335727,0.00807899461400359,0.01615798922800718,0.0008976660682226212,0.009425493716337522,0.002244165170556553,0.02064631956912029,0.0004488330341113106,0.02064631956912029,0.00807899461400359,0.004039497307001795,0.043536804308797125,0.011669658886894075,0.009425493716337522,0.004488330341113106,0.01436265709156194,0.02154398563734291,0.0004488330341113106,0.019748653500897665,0.02064631956912029,0.033662477558348294,0.004488330341113106,0.0031418312387791743,0.5754039497307002
